FileName,NumberLabelled,NumberTotal
sun_aalvhwdpyoipnzzy_1.xml,6,23
sun_aalvhwdpyoipnzzy_2.xml,20,23
sun_aalvhwdpyoipnzzy_3.xml,24,24
sun_aalvhwdpyoipnzzy_4.xml,13,24
sun_aalvhwdpyoipnzzy_5.xml,19,23
sun_aavzagnbsbymxlyh_1.xml,26,48
sun_aavzagnbsbymxlyh_2.xml,17,48
sun_aavzagnbsbymxlyh_3.xml,10,48
sun_aavzagnbsbymxlyh_4.xml,11,48
sun_aavzagnbsbymxlyh_5.xml,14,48
sun_aawefvrbscajixha_1.xml,9,31
sun_aawefvrbscajixha_2.xml,31,31
sun_aawefvrbscajixha_3.xml,6,31
sun_aawefvrbscajixha_4.xml,8,31
sun_aawefvrbscajixha_5.xml,5,31
sun_abdxkyyxwfskuaqb_1.xml,6,42
sun_abdxkyyxwfskuaqb_2.xml,25,42
sun_abdxkyyxwfskuaqb_3.xml,41,42
sun_abdxkyyxwfskuaqb_4.xml,8,43
sun_abdxkyyxwfskuaqb_5.xml,14,42
sun_abykmfxuvnluzbye_1.xml,5,29
sun_abykmfxuvnluzbye_2.xml,6,24
sun_abykmfxuvnluzbye_3.xml,5,29
sun_abykmfxuvnluzbye_4.xml,1,1
sun_abykmfxuvnluzbye_5.xml,13,24
sun_accreawivrzlvqyc_1.xml,12,38
sun_accreawivrzlvqyc_2.xml,11,38
sun_accreawivrzlvqyc_3.xml,14,38
sun_accreawivrzlvqyc_4.xml,10,38
sun_accreawivrzlvqyc_5.xml,16,41
sun_adjgnpenryftfwsr_1.xml,5,17
sun_adjgnpenryftfwsr_2.xml,1,1
sun_adjgnpenryftfwsr_3.xml,12,17
sun_adjgnpenryftfwsr_4.xml,9,17
sun_adjgnpenryftfwsr_5.xml,19,19
sun_admzmthmjgmaimfo_1.xml,17,40
sun_admzmthmjgmaimfo_2.xml,1,1
sun_admzmthmjgmaimfo_3.xml,39,41
sun_admzmthmjgmaimfo_4.xml,1,1
sun_admzmthmjgmaimfo_5.xml,5,45
sun_aebceyezzjzyaxcj_1.xml,31,33
sun_aebceyezzjzyaxcj_2.xml,5,38
sun_aebceyezzjzyaxcj_3.xml,12,33
sun_aebceyezzjzyaxcj_4.xml,17,33
sun_aebceyezzjzyaxcj_5.xml,11,33
sun_aegnmfnvbbzeqjus_1.xml,6,19
sun_aegnmfnvbbzeqjus_2.xml,6,24
sun_aegnmfnvbbzeqjus_3.xml,5,18
sun_aegnmfnvbbzeqjus_4.xml,9,18
sun_aegnmfnvbbzeqjus_5.xml,14,23
sun_aekutbaiequswdvq_1.xml,10,10
sun_aekutbaiequswdvq_2.xml,5,15
sun_aekutbaiequswdvq_3.xml,5,10
sun_aekutbaiequswdvq_4.xml,10,10
sun_aekutbaiequswdvq_5.xml,6,10
sun_aeqdtdmvphproomc_1.xml,25,78
sun_aeqdtdmvphproomc_2.xml,13,78
sun_aeqdtdmvphproomc_3.xml,15,81
sun_aeqdtdmvphproomc_4.xml,20,78
sun_aeqdtdmvphproomc_5.xml,13,78
sun_afbibxsnpvkmvhxn_1.xml,5,23
sun_afbibxsnpvkmvhxn_2.xml,21,23
sun_afbibxsnpvkmvhxn_3.xml,21,23
sun_afbibxsnpvkmvhxn_4.xml,13,23
sun_afbibxsnpvkmvhxn_5.xml,13,24
sun_afgbnvgqbsxpomau_1.xml,1,1
sun_afgbnvgqbsxpomau_2.xml,8,34
sun_afgbnvgqbsxpomau_3.xml,6,34
sun_afgbnvgqbsxpomau_4.xml,35,38
sun_afgbnvgqbsxpomau_5.xml,26,34
sun_agldadusrezhmyva_1.xml,15,64
sun_agldadusrezhmyva_2.xml,22,63
sun_agldadusrezhmyva_3.xml,8,64
sun_agldadusrezhmyva_4.xml,8,63
sun_agldadusrezhmyva_5.xml,22,63
sun_aglhwqwshtekvlfq_1.xml,7,35
sun_aglhwqwshtekvlfq_2.xml,9,40
sun_aglhwqwshtekvlfq_3.xml,13,40
sun_aglhwqwshtekvlfq_4.xml,7,35
sun_aglhwqwshtekvlfq_5.xml,20,35
sun_aglwoufpxbtxqecp_1.xml,14,63
sun_aglwoufpxbtxqecp_2.xml,19,63
sun_aglwoufpxbtxqecp_3.xml,60,63
sun_aglwoufpxbtxqecp_4.xml,25,63
sun_aglwoufpxbtxqecp_5.xml,33,63
sun_ahvpoenucqfbjkep_1.xml,12,84
sun_ahvpoenucqfbjkep_2.xml,1,1
sun_ahvpoenucqfbjkep_3.xml,12,83
sun_ahvpoenucqfbjkep_4.xml,14,83
sun_ahvpoenucqfbjkep_5.xml,11,83
sun_aiffeoqzngslhzfi_1.xml,5,21
sun_aiffeoqzngslhzfi_2.xml,7,16
sun_aiffeoqzngslhzfi_3.xml,5,16
sun_aiffeoqzngslhzfi_4.xml,11,16
sun_aiffeoqzngslhzfi_5.xml,15,16
sun_aihqqhkbilvntzdn_1.xml,9,32
sun_aihqqhkbilvntzdn_2.xml,12,32
sun_aihqqhkbilvntzdn_3.xml,6,32
sun_aihqqhkbilvntzdn_4.xml,13,33
sun_aihqqhkbilvntzdn_5.xml,5,37
sun_aizrxrylbrdfhxez_1.xml,6,73
sun_aizrxrylbrdfhxez_2.xml,1,1
sun_aizrxrylbrdfhxez_3.xml,6,68
sun_aizrxrylbrdfhxez_4.xml,10,68
sun_aizrxrylbrdfhxez_5.xml,18,68
sun_ajgyfjxpwhoxuimc_1.xml,41,42
sun_ajgyfjxpwhoxuimc_2.xml,12,47
sun_ajgyfjxpwhoxuimc_3.xml,12,42
sun_ajgyfjxpwhoxuimc_4.xml,18,42
sun_ajgyfjxpwhoxuimc_5.xml,7,42
sun_ajnvbqoszcilcmds_1.xml,16,18
sun_ajnvbqoszcilcmds_2.xml,7,18
sun_ajnvbqoszcilcmds_3.xml,5,18
sun_ajnvbqoszcilcmds_4.xml,5,18
sun_ajnvbqoszcilcmds_5.xml,21,23
sun_akawyfrupyqgxlpb_1.xml,11,28
sun_akawyfrupyqgxlpb_2.xml,11,27
sun_akawyfrupyqgxlpb_3.xml,10,33
sun_akawyfrupyqgxlpb_4.xml,12,27
sun_akawyfrupyqgxlpb_5.xml,11,27
sun_akgguqilufnjugzk_1.xml,19,21
sun_akgguqilufnjugzk_2.xml,11,21
sun_akgguqilufnjugzk_3.xml,17,21
sun_akgguqilufnjugzk_4.xml,14,21
sun_akgguqilufnjugzk_5.xml,13,26
sun_akzumputqvdvtqbq_1.xml,16,19
sun_akzumputqvdvtqbq_2.xml,10,18
sun_akzumputqvdvtqbq_3.xml,19,20
sun_akzumputqvdvtqbq_4.xml,23,23
sun_akzumputqvdvtqbq_5.xml,1,1
sun_alazdvaixpjtegwg_1.xml,8,95
sun_alazdvaixpjtegwg_2.xml,11,95
sun_alazdvaixpjtegwg_3.xml,19,97
sun_alazdvaixpjtegwg_4.xml,8,95
sun_alazdvaixpjtegwg_5.xml,12,95
sun_alnurdgpqodhpawt_1.xml,14,14
sun_alnurdgpqodhpawt_2.xml,8,12
sun_alnurdgpqodhpawt_3.xml,8,12
sun_alnurdgpqodhpawt_4.xml,12,12
sun_alnurdgpqodhpawt_5.xml,8,12
sun_alvoexkareccqxgq_1.xml,20,73
sun_alvoexkareccqxgq_2.xml,13,79
sun_alvoexkareccqxgq_3.xml,32,73
sun_alvoexkareccqxgq_4.xml,9,73
sun_alvoexkareccqxgq_5.xml,10,73
sun_alyergctkjrpiwgr_1.xml,7,70
sun_alyergctkjrpiwgr_2.xml,15,68
sun_alyergctkjrpiwgr_3.xml,12,68
sun_alyergctkjrpiwgr_4.xml,7,68
sun_alyergctkjrpiwgr_5.xml,12,73
sun_ambrwzywvjncguna_1.xml,7,51
sun_ambrwzywvjncguna_2.xml,5,55
sun_ambrwzywvjncguna_3.xml,9,51
sun_ambrwzywvjncguna_4.xml,15,51
sun_ambrwzywvjncguna_5.xml,27,52
sun_anaaafpyeqdsnimg_1.xml,1,1
sun_anaaafpyeqdsnimg_2.xml,15,41
sun_anaaafpyeqdsnimg_3.xml,25,41
sun_anaaafpyeqdsnimg_4.xml,6,41
sun_anaaafpyeqdsnimg_5.xml,6,41
sun_angrmjwcbqlakjjz_1.xml,18,67
sun_angrmjwcbqlakjjz_2.xml,10,67
sun_angrmjwcbqlakjjz_3.xml,13,67
sun_angrmjwcbqlakjjz_4.xml,15,72
sun_angrmjwcbqlakjjz_5.xml,1,67
sun_anjpziwkjniyzlkr_1.xml,9,22
sun_anjpziwkjniyzlkr_2.xml,5,27
sun_anjpziwkjniyzlkr_3.xml,12,29
sun_anjpziwkjniyzlkr_4.xml,11,22
sun_anjpziwkjniyzlkr_5.xml,12,22
sun_anzbjguxdgpobefx_1.xml,16,25
sun_anzbjguxdgpobefx_2.xml,1,21
sun_anzbjguxdgpobefx_3.xml,15,21
sun_anzbjguxdgpobefx_4.xml,21,21
sun_anzbjguxdgpobefx_5.xml,11,26
sun_aokdxzepsissjfdi_1.xml,11,46
sun_aokdxzepsissjfdi_2.xml,13,46
sun_aokdxzepsissjfdi_3.xml,8,46
sun_aokdxzepsissjfdi_4.xml,8,46
sun_aokdxzepsissjfdi_5.xml,25,46
sun_aovnyfewezfmgwke_1.xml,6,47
sun_aovnyfewezfmgwke_2.xml,9,41
sun_aovnyfewezfmgwke_3.xml,5,44
sun_aovnyfewezfmgwke_4.xml,10,41
sun_aovnyfewezfmgwke_5.xml,15,41
sun_apunwgjjmfutuzff_1.xml,12,31
sun_apunwgjjmfutuzff_2.xml,6,33
sun_apunwgjjmfutuzff_3.xml,26,28
sun_apunwgjjmfutuzff_4.xml,18,28
sun_apunwgjjmfutuzff_5.xml,29,29
sun_aqajjgvroevxtecg_1.xml,12,17
sun_aqajjgvroevxtecg_2.xml,8,17
sun_aqajjgvroevxtecg_3.xml,10,22
sun_aqajjgvroevxtecg_4.xml,6,17
sun_aqajjgvroevxtecg_5.xml,16,18
sun_aqeaevwwwjoqhzvl_1.xml,16,51
sun_aqeaevwwwjoqhzvl_2.xml,27,53
sun_aqeaevwwwjoqhzvl_3.xml,49,51
sun_aqeaevwwwjoqhzvl_4.xml,9,51
sun_aqeaevwwwjoqhzvl_5.xml,18,51
sun_aqqabpdqjxygueuw_1.xml,8,76
sun_aqqabpdqjxygueuw_2.xml,53,79
sun_aqqabpdqjxygueuw_3.xml,10,82
sun_aqqabpdqjxygueuw_4.xml,14,76
sun_aqqabpdqjxygueuw_5.xml,5,81
sun_aqrghlehjteletsp_1.xml,7,36
sun_aqrghlehjteletsp_2.xml,15,36
sun_aqrghlehjteletsp_3.xml,28,36
sun_aqrghlehjteletsp_4.xml,17,36
sun_aqrghlehjteletsp_5.xml,20,36
sun_arffihzwrfsleobm_1.xml,5,29
sun_arffihzwrfsleobm_2.xml,1,29
sun_arffihzwrfsleobm_3.xml,1,1
sun_arffihzwrfsleobm_4.xml,12,30
sun_arffihzwrfsleobm_5.xml,17,29
sun_arvuykssgbdzaavk_1.xml,1,1
sun_arvuykssgbdzaavk_2.xml,14,50
sun_arvuykssgbdzaavk_3.xml,11,50
sun_arvuykssgbdzaavk_4.xml,15,54
sun_arvuykssgbdzaavk_5.xml,17,50
sun_asrcfjusjydonoin_1.xml,39,50
sun_asrcfjusjydonoin_2.xml,11,50
sun_asrcfjusjydonoin_3.xml,5,55
sun_asrcfjusjydonoin_4.xml,28,50
sun_asrcfjusjydonoin_5.xml,40,50
sun_ataniphupyuxeowc_1.xml,20,61
sun_ataniphupyuxeowc_2.xml,12,65
sun_ataniphupyuxeowc_3.xml,9,59
sun_ataniphupyuxeowc_4.xml,16,59
sun_ataniphupyuxeowc_5.xml,1,1
sun_ateoptjjakachbou_1.xml,7,41
sun_ateoptjjakachbou_2.xml,11,46
sun_ateoptjjakachbou_3.xml,19,41
sun_ateoptjjakachbou_4.xml,6,41
sun_ateoptjjakachbou_5.xml,13,41
sun_atfmueokdeplnsdy_1.xml,11,64
sun_atfmueokdeplnsdy_2.xml,9,64
sun_atfmueokdeplnsdy_3.xml,20,64
sun_atfmueokdeplnsdy_4.xml,1,63
sun_atfmueokdeplnsdy_5.xml,7,63
sun_atfrxapjznayuwli_1.xml,34,61
sun_atfrxapjznayuwli_2.xml,6,64
sun_atfrxapjznayuwli_3.xml,12,66
sun_atfrxapjznayuwli_4.xml,21,62
sun_atfrxapjznayuwli_5.xml,14,63
sun_aueoksosdjqlckgv_1.xml,14,22
sun_aueoksosdjqlckgv_2.xml,5,24
sun_aueoksosdjqlckgv_3.xml,14,22
sun_aueoksosdjqlckgv_4.xml,22,22
sun_aueoksosdjqlckgv_5.xml,1,22
sun_autidzdyhpcmuyrb_1.xml,22,59
sun_autidzdyhpcmuyrb_2.xml,12,59
sun_autidzdyhpcmuyrb_3.xml,11,59
sun_autidzdyhpcmuyrb_4.xml,43,59
sun_autidzdyhpcmuyrb_5.xml,26,59
sun_auwldxtolpavypst_1.xml,5,22
sun_auwldxtolpavypst_2.xml,5,27
sun_auwldxtolpavypst_3.xml,11,22
sun_auwldxtolpavypst_4.xml,6,22
sun_auwldxtolpavypst_5.xml,10,27
sun_auyrvbsgjzcbllwy_1.xml,8,89
sun_auyrvbsgjzcbllwy_2.xml,18,84
sun_auyrvbsgjzcbllwy_3.xml,14,90
sun_auyrvbsgjzcbllwy_4.xml,10,84
sun_auyrvbsgjzcbllwy_5.xml,13,84
sun_avercuwadimcdyrt_1.xml,15,16
sun_avercuwadimcdyrt_2.xml,8,14
sun_avercuwadimcdyrt_3.xml,11,21
sun_avercuwadimcdyrt_4.xml,16,17
sun_avercuwadimcdyrt_5.xml,7,19
sun_avummurlcrknzblj_1.xml,8,29
sun_avummurlcrknzblj_2.xml,7,29
sun_avummurlcrknzblj_3.xml,6,29
sun_avummurlcrknzblj_4.xml,9,34
sun_avummurlcrknzblj_5.xml,11,29
sun_awhsfpsfqdztuigb_1.xml,5,5
sun_awhsfpsfqdztuigb_2.xml,10,10
sun_awhsfpsfqdztuigb_3.xml,2,5
sun_awhsfpsfqdztuigb_4.xml,2,5
sun_awhsfpsfqdztuigb_5.xml,5,5
sun_awmotvrngkanplxe_1.xml,1,45
sun_awmotvrngkanplxe_2.xml,40,45
sun_awmotvrngkanplxe_3.xml,14,45
sun_awmotvrngkanplxe_4.xml,9,47
sun_awmotvrngkanplxe_5.xml,15,50
sun_axuvsdqqnoevzlud_1.xml,26,54
sun_axuvsdqqnoevzlud_2.xml,13,54
sun_axuvsdqqnoevzlud_3.xml,6,55
sun_axuvsdqqnoevzlud_4.xml,6,54
sun_axuvsdqqnoevzlud_5.xml,14,55
sun_ayakdnbiuvnibwap_1.xml,7,92
sun_ayakdnbiuvnibwap_2.xml,21,93
sun_ayakdnbiuvnibwap_3.xml,2,92
sun_ayakdnbiuvnibwap_4.xml,10,94
sun_ayakdnbiuvnibwap_5.xml,14,93
sun_azdnupmzwdxwflvh_1.xml,47,47
sun_azdnupmzwdxwflvh_2.xml,12,42
sun_azdnupmzwdxwflvh_3.xml,6,47
sun_azdnupmzwdxwflvh_4.xml,5,42
sun_azdnupmzwdxwflvh_5.xml,16,42
sun_azfvmsmpvphupjpu_1.xml,6,46
sun_azfvmsmpvphupjpu_2.xml,14,46
sun_azfvmsmpvphupjpu_3.xml,57,57
sun_azfvmsmpvphupjpu_4.xml,14,46
sun_azfvmsmpvphupjpu_5.xml,14,46
sun_azkalqubuavyhanp_1.xml,12,51
sun_azkalqubuavyhanp_2.xml,7,50
sun_azkalqubuavyhanp_3.xml,11,50
sun_azkalqubuavyhanp_4.xml,1,50
sun_azkalqubuavyhanp_5.xml,5,50
sun_azxetkujrgobhzbi_1.xml,6,66
sun_azxetkujrgobhzbi_2.xml,16,66
sun_azxetkujrgobhzbi_3.xml,13,66
sun_azxetkujrgobhzbi_4.xml,11,66
sun_azxetkujrgobhzbi_5.xml,5,66
sun_azzsdmycmvnftcrh_1.xml,7,24
sun_azzsdmycmvnftcrh_2.xml,12,24
sun_azzsdmycmvnftcrh_3.xml,5,29
sun_azzsdmycmvnftcrh_4.xml,19,25
sun_azzsdmycmvnftcrh_5.xml,16,24
